Residue Pair,0,1,2,3,4
A1G2,"$\rm{\lambda}^{\rm{pr1}}_{23}$=33.6, ${\{\rm{a}_i\rm{a}_j\}}^{\rm{pr1}}_{23}$:
C3'O1P(A1G2)","$\rm{\lambda}^{\rm{pr1}}_{28}$=22.5, ${\{\rm{a}_i\rm{a}_j\}}^{\rm{pr1}}_{28}$:
C4'O2P(A1G2)","$\rm{\lambda}^{\rm{pr1}}_{61}$=11.7, ${\{\rm{a}_i\rm{a}_j\}}^{\rm{pr1}}_{61}$:
C2'O5'(A1G2)","$\rm{\lambda}^{\rm{pr1}}_{62}$=11.1, ${\{\rm{a}_i\rm{a}_j\}}^{\rm{pr1}}_{62}$:
O3'C5'(A1G2)","$\rm{\lambda}^{\rm{pr1}}_{63}$=10.9, ${\{\rm{a}_i\rm{a}_j\}}^{\rm{pr1}}_{63}$:
O4'P(A1G2)"
G2G3,"$\rm{\lambda}^{\rm{pr1}}_{3}$=53.6, ${\{\rm{a}_i\rm{a}_j\}}^{\rm{pr1}}_{3}$:
C3'O2P(G2G3)","$\rm{\lambda}^{\rm{pr1}}_{20}$=39.6, ${\{\rm{a}_i\rm{a}_j\}}^{\rm{pr1}}_{20}$:
C2'P(G2G3)","$\rm{\lambda}^{\rm{pr1}}_{34}$=20.0, ${\{\rm{a}_i\rm{a}_j\}}^{\rm{pr1}}_{34}$:
O3'C5'(G2G3)",,
G3G4,"$\rm{\lambda}^{\rm{pr1}}_{31}$=20.6, ${\{\rm{a}_i\rm{a}_j\}}^{\rm{pr1}}_{31}$:
O3'C5'(G3G4)","$\rm{\lambda}^{\rm{pr1}}_{50}$=15.3, ${\{\rm{a}_i\rm{a}_j\}}^{\rm{pr1}}_{50}$:
C2'O1P(G3G4)","$\rm{\lambda}^{\rm{pr1}}_{56}$=13.6, ${\{\rm{a}_i\rm{a}_j\}}^{\rm{pr1}}_{56}$:
C4'O2P(G3G4)","$\rm{\lambda}^{\rm{pr1}}_{74}$=7.2, ${\{\rm{a}_i\rm{a}_j\}}^{\rm{pr1}}_{74}$:
C1'P(G3G4)",
G4T5,"$\rm{\lambda}^{\rm{pr1}}_{24}$=32.9, ${\{\rm{a}_i\rm{a}_j\}}^{\rm{pr1}}_{24}$:
C3'O1P(G4T5)","$\rm{\lambda}^{\rm{pr1}}_{30}$=20.9, ${\{\rm{a}_i\rm{a}_j\}}^{\rm{pr1}}_{30}$:
C4'O5'(G4T5)
C4'P(G4T5)
C4'C5'(G4T5)","$\rm{\lambda}^{\rm{pr1}}_{70}$=8.8, ${\{\rm{a}_i\rm{a}_j\}}^{\rm{pr1}}_{70}$:
C2'C5'(G4T5)","$\rm{\lambda}^{\rm{pr1}}_{86}$=5.4, ${\{\rm{a}_i\rm{a}_j\}}^{\rm{pr1}}_{86}$:
C3'O4'(G4T5)",
T5T6,"$\rm{\lambda}^{\rm{pr1}}_{10}$=48.0, ${\{\rm{a}_i\rm{a}_j\}}^{\rm{pr1}}_{10}$:
C3'O2P(T5T6)","$\rm{\lambda}^{\rm{pr1}}_{21}$=39.1, ${\{\rm{a}_i\rm{a}_j\}}^{\rm{pr1}}_{21}$:
C2'O5'(T5T6)
C2'P(T5T6)","$\rm{\lambda}^{\rm{pr1}}_{35}$=19.5, ${\{\rm{a}_i\rm{a}_j\}}^{\rm{pr1}}_{35}$:
O3'C5'(T5T6)",,
T6A7,"$\rm{\lambda}^{\rm{pr1}}_{9}$=49.2, ${\{\rm{a}_i\rm{a}_j\}}^{\rm{pr1}}_{9}$:
C3'O2P(T6A7)","$\rm{\lambda}^{\rm{pr1}}_{25}$=31.6, ${\{\rm{a}_i\rm{a}_j\}}^{\rm{pr1}}_{25}$:
C2'O1P(T6A7)
C2'P(T6A7)","$\rm{\lambda}^{\rm{pr1}}_{89}$=5.1, ${\{\rm{a}_i\rm{a}_j\}}^{\rm{pr1}}_{89}$:
C4'O2P(T6A7)",,
A7G8,"$\rm{\lambda}^{\rm{pr1}}_{12}$=45.9, ${\{\rm{a}_i\rm{a}_j\}}^{\rm{pr1}}_{12}$:
C3'O2P(A7G8)","$\rm{\lambda}^{\rm{pr1}}_{57}$=13.6, ${\{\rm{a}_i\rm{a}_j\}}^{\rm{pr1}}_{57}$:
C2'O1P(A7G8)
C2'P(A7G8)",,,
G8G9,"$\rm{\lambda}^{\rm{pr1}}_{8}$=49.9, ${\{\rm{a}_i\rm{a}_j\}}^{\rm{pr1}}_{8}$:
C3'O2P(G8G9)","$\rm{\lambda}^{\rm{pr1}}_{18}$=41.5, ${\{\rm{a}_i\rm{a}_j\}}^{\rm{pr1}}_{18}$:
C2'O5'(G8G9)
C2'P(G8G9)","$\rm{\lambda}^{\rm{pr1}}_{45}$=15.6, ${\{\rm{a}_i\rm{a}_j\}}^{\rm{pr1}}_{45}$:
O3'C5'(G8G9)",,
G9G10,"$\rm{\lambda}^{\rm{pr1}}_{37}$=18.6, ${\{\rm{a}_i\rm{a}_j\}}^{\rm{pr1}}_{37}$:
O3'C5'(G9G10)","$\rm{\lambda}^{\rm{pr1}}_{43}$=15.7, ${\{\rm{a}_i\rm{a}_j\}}^{\rm{pr1}}_{43}$:
C2'O1P(G9G10)","$\rm{\lambda}^{\rm{pr1}}_{66}$=9.9, ${\{\rm{a}_i\rm{a}_j\}}^{\rm{pr1}}_{66}$:
C3'O2P(G9G10)","$\rm{\lambda}^{\rm{pr1}}_{87}$=5.2, ${\{\rm{a}_i\rm{a}_j\}}^{\rm{pr1}}_{87}$:
C1'P(G9G10)",
G10T11,"$\rm{\lambda}^{\rm{pr1}}_{11}$=48.0, ${\{\rm{a}_i\rm{a}_j\}}^{\rm{pr1}}_{11}$:
C3'O2P(G10T11)","$\rm{\lambda}^{\rm{pr1}}_{15}$=44.3, ${\{\rm{a}_i\rm{a}_j\}}^{\rm{pr1}}_{15}$:
C2'P(G10T11)","$\rm{\lambda}^{\rm{pr1}}_{33}$=20.0, ${\{\rm{a}_i\rm{a}_j\}}^{\rm{pr1}}_{33}$:
O3'C5'(G10T11)",,
T11T12,"$\rm{\lambda}^{\rm{pr1}}_{7}$=50.3, ${\{\rm{a}_i\rm{a}_j\}}^{\rm{pr1}}_{7}$:
C3'O2P(T11T12)","$\rm{\lambda}^{\rm{pr1}}_{14}$=45.5, ${\{\rm{a}_i\rm{a}_j\}}^{\rm{pr1}}_{14}$:
C2'P(T11T12)","$\rm{\lambda}^{\rm{pr1}}_{42}$=16.2, ${\{\rm{a}_i\rm{a}_j\}}^{\rm{pr1}}_{42}$:
O3'C5'(T11T12)",,
T12A13,"$\rm{\lambda}^{\rm{pr1}}_{75}$=6.6, ${\{\rm{a}_i\rm{a}_j\}}^{\rm{pr1}}_{75}$:
O4'O2P(T12A13)
C4'O2P(T12A13)",,,,
A13G14,"$\rm{\lambda}^{\rm{pr1}}_{32}$=20.4, ${\{\rm{a}_i\rm{a}_j\}}^{\rm{pr1}}_{32}$:
C3'O1P(A13G14)","$\rm{\lambda}^{\rm{pr1}}_{59}$=13.3, ${\{\rm{a}_i\rm{a}_j\}}^{\rm{pr1}}_{59}$:
C4'O2P(A13G14)","$\rm{\lambda}^{\rm{pr1}}_{65}$=9.9, ${\{\rm{a}_i\rm{a}_j\}}^{\rm{pr1}}_{65}$:
O3'C5'(A13G14)","$\rm{\lambda}^{\rm{pr1}}_{68}$=9.5, ${\{\rm{a}_i\rm{a}_j\}}^{\rm{pr1}}_{68}$:
C1'P(A13G14)","$\rm{\lambda}^{\rm{pr1}}_{79}$=6.2, ${\{\rm{a}_i\rm{a}_j\}}^{\rm{pr1}}_{79}$:
C2'O5'(A13G14)"
G14G15,"$\rm{\lambda}^{\rm{pr1}}_{6}$=51.4, ${\{\rm{a}_i\rm{a}_j\}}^{\rm{pr1}}_{6}$:
C2'P(G14G15)","$\rm{\lambda}^{\rm{pr1}}_{13}$=45.8, ${\{\rm{a}_i\rm{a}_j\}}^{\rm{pr1}}_{13}$:
C3'O2P(G14G15)","$\rm{\lambda}^{\rm{pr1}}_{29}$=22.3, ${\{\rm{a}_i\rm{a}_j\}}^{\rm{pr1}}_{29}$:
O3'C5'(G14G15)",,
G15G16,"$\rm{\lambda}^{\rm{pr1}}_{2}$=53.7, ${\{\rm{a}_i\rm{a}_j\}}^{\rm{pr1}}_{2}$:
C3'O2P(G15G16)","$\rm{\lambda}^{\rm{pr1}}_{26}$=26.4, ${\{\rm{a}_i\rm{a}_j\}}^{\rm{pr1}}_{26}$:
C2'P(G15G16)","$\rm{\lambda}^{\rm{pr1}}_{51}$=14.6, ${\{\rm{a}_i\rm{a}_j\}}^{\rm{pr1}}_{51}$:
O3'C5'(G15G16)","$\rm{\lambda}^{\rm{pr1}}_{71}$=8.1, ${\{\rm{a}_i\rm{a}_j\}}^{\rm{pr1}}_{71}$:
C4'O5'(G15G16)",
G16T17,"$\rm{\lambda}^{\rm{pr1}}_{1}$=55.7, ${\{\rm{a}_i\rm{a}_j\}}^{\rm{pr1}}_{1}$:
C3'O2P(G16T17)","$\rm{\lambda}^{\rm{pr1}}_{73}$=7.3, ${\{\rm{a}_i\rm{a}_j\}}^{\rm{pr1}}_{73}$:
C2'P(G16T17)","$\rm{\lambda}^{\rm{pr1}}_{90}$=4.9, ${\{\rm{a}_i\rm{a}_j\}}^{\rm{pr1}}_{90}$:
C3'O5'(G16T17)",,
T17T18,"$\rm{\lambda}^{\rm{pr1}}_{22}$=35.3, ${\{\rm{a}_i\rm{a}_j\}}^{\rm{pr1}}_{22}$:
C3'O2P(T17T18)","$\rm{\lambda}^{\rm{pr1}}_{64}$=10.2, ${\{\rm{a}_i\rm{a}_j\}}^{\rm{pr1}}_{64}$:
C5'O5'(T17T18)","$\rm{\lambda}^{\rm{pr1}}_{78}$=6.3, ${\{\rm{a}_i\rm{a}_j\}}^{\rm{pr1}}_{78}$:
C4'O1P(T17T18)",,
T18A19,"$\rm{\lambda}^{\rm{pr1}}_{5}$=51.6, ${\{\rm{a}_i\rm{a}_j\}}^{\rm{pr1}}_{5}$:
C3'O2P(T18A19)","$\rm{\lambda}^{\rm{pr1}}_{17}$=41.7, ${\{\rm{a}_i\rm{a}_j\}}^{\rm{pr1}}_{17}$:
C2'P(T18A19)
C2'O5'(T18A19)","$\rm{\lambda}^{\rm{pr1}}_{27}$=23.5, ${\{\rm{a}_i\rm{a}_j\}}^{\rm{pr1}}_{27}$:
O3'C5'(T18A19)",,
A19G20,"$\rm{\lambda}^{\rm{pr1}}_{19}$=40.9, ${\{\rm{a}_i\rm{a}_j\}}^{\rm{pr1}}_{19}$:
C3'O1P(A19G20)
C3'O2P(A19G20)","$\rm{\lambda}^{\rm{pr1}}_{53}$=14.2, ${\{\rm{a}_i\rm{a}_j\}}^{\rm{pr1}}_{53}$:
O3'C5'(A19G20)",,,
G20G21,"$\rm{\lambda}^{\rm{pr1}}_{4}$=51.9, ${\{\rm{a}_i\rm{a}_j\}}^{\rm{pr1}}_{4}$:
C3'O2P(G20G21)","$\rm{\lambda}^{\rm{pr1}}_{16}$=43.7, ${\{\rm{a}_i\rm{a}_j\}}^{\rm{pr1}}_{16}$:
C2'P(G20G21)
C2'O5'(G20G21)","$\rm{\lambda}^{\rm{pr1}}_{36}$=19.4, ${\{\rm{a}_i\rm{a}_j\}}^{\rm{pr1}}_{36}$:
O3'C5'(G20G21)",,
G21G22,"$\rm{\lambda}^{\rm{pr1}}_{38}$=17.7, ${\{\rm{a}_i\rm{a}_j\}}^{\rm{pr1}}_{38}$:
C2'O1P(G21G22)","$\rm{\lambda}^{\rm{pr1}}_{40}$=16.4, ${\{\rm{a}_i\rm{a}_j\}}^{\rm{pr1}}_{40}$:
O3'C5'(G21G22)","$\rm{\lambda}^{\rm{pr1}}_{44}$=15.7, ${\{\rm{a}_i\rm{a}_j\}}^{\rm{pr1}}_{44}$:
C4'O2P(G21G22)","$\rm{\lambda}^{\rm{pr1}}_{82}$=5.8, ${\{\rm{a}_i\rm{a}_j\}}^{\rm{pr1}}_{82}$:
C1'P(G21G22)",
